date,value
1/1/2016 0:00,0.255
1/1/2016 1:00,0.264
1/1/2016 2:00,0.253
1/1/2016 3:00,0.25
1/1/2016 4:00,0.234
1/1/2016 5:00,0.249
1/1/2016 6:00,0.297
1/1/2016 7:00,0.323
1/1/2016 8:00,0.423
1/1/2016 9:00,0.418
1/1/2016 10:00,0.418
1/1/2016 11:00,0.431
1/1/2016 12:00,0.424
1/1/2016 13:00,0.424
1/1/2016 14:00,0.426
1/1/2016 15:00,0.419
1/1/2016 16:00,0.423
1/1/2016 17:00,0.434
1/1/2016 18:00,0.393
1/1/2016 19:00,0.367
1/1/2016 20:00,0.356
1/1/2016 21:00,0.313
1/1/2016 22:00,0.288
1/1/2016 23:00,0.284
2/1/2016 0:00,0.28
2/1/2016 1:00,0.281
2/1/2016 2:00,0.288
2/1/2016 3:00,0.287
2/1/2016 4:00,0.329
2/1/2016 5:00,0.389
2/1/2016 6:00,0.541
2/1/2016 7:00,0.563
2/1/2016 8:00,0.631
2/1/2016 9:00,0.663
2/1/2016 10:00,0.657
2/1/2016 11:00,0.745
2/1/2016 12:00,0.76
2/1/2016 13:00,0.715
2/1/2016 14:00,0.73
2/1/2016 15:00,0.717
2/1/2016 16:00,0.693
2/1/2016 17:00,0.67
2/1/2016 18:00,0.656
2/1/2016 19:00,0.623
2/1/2016 20:00,0.602
2/1/2016 21:00,0.499
2/1/2016 22:00,0.39
2/1/2016 23:00,0.332
3/1/2016 0:00,0.295
3/1/2016 1:00,0.299
3/1/2016 2:00,0.311
3/1/2016 3:00,0.304
3/1/2016 4:00,0.293
3/1/2016 5:00,0.369
3/1/2016 6:00,0.515
3/1/2016 7:00,0.622
3/1/2016 8:00,0.795
3/1/2016 9:00,0.844
3/1/2016 10:00,0.873
3/1/2016 11:00,0.859
3/1/2016 12:00,0.853
3/1/2016 13:00,0.865
3/1/2016 14:00,0.903
3/1/2016 15:00,0.898
3/1/2016 16:00,0.889
3/1/2016 17:00,0.854
3/1/2016 18:00,0.837
3/1/2016 19:00,0.76
3/1/2016 20:00,0.687
3/1/2016 21:00,0.544
3/1/2016 22:00,0.354
3/1/2016 23:00,0.295
4/1/2016 0:00,0.295
4/1/2016 1:00,0.291
4/1/2016 2:00,0.29
4/1/2016 3:00,0.32
4/1/2016 4:00,0.292
4/1/2016 5:00,0.37
4/1/2016 6:00,0.526
4/1/2016 7:00,0.729
4/1/2016 8:00,0.821
4/1/2016 9:00,0.85
4/1/2016 10:00,0.826
4/1/2016 11:00,0.857
4/1/2016 12:00,0.866
4/1/2016 13:00,0.845
4/1/2016 14:00,0.853
4/1/2016 15:00,0.889
4/1/2016 16:00,0.88
4/1/2016 17:00,0.86
4/1/2016 18:00,0.846
4/1/2016 19:00,0.824
4/1/2016 20:00,0.791
4/1/2016 21:00,0.597
4/1/2016 22:00,0.39
4/1/2016 23:00,0.323
5/1/2016 0:00,0.318
5/1/2016 1:00,0.325
5/1/2016 2:00,0.32
5/1/2016 3:00,0.346
5/1/2016 4:00,0.322
5/1/2016 5:00,0.347
5/1/2016 6:00,0.582
5/1/2016 7:00,0.679
5/1/2016 8:00,0.739
5/1/2016 9:00,0.823
5/1/2016 10:00,0.815
5/1/2016 11:00,0.819
5/1/2016 12:00,0.811
5/1/2016 13:00,0.805
5/1/2016 14:00,0.805
5/1/2016 15:00,0.805
5/1/2016 16:00,0.812
5/1/2016 17:00,0.822
5/1/2016 18:00,0.806
5/1/2016 19:00,
5/1/2016 20:00,
5/1/2016 21:00,
5/1/2016 22:00,
5/1/2016 23:00,
6/1/2016 0:00,
6/1/2016 1:00,
6/1/2016 2:00,
6/1/2016 3:00,
6/1/2016 4:00,
6/1/2016 5:00,
6/1/2016 6:00,
6/1/2016 7:00,
6/1/2016 8:00,
6/1/2016 9:00,
6/1/2016 10:00,
6/1/2016 11:00,
6/1/2016 12:00,
6/1/2016 13:00,
6/1/2016 14:00,
6/1/2016 15:00,
6/1/2016 16:00,
6/1/2016 17:00,
6/1/2016 18:00,
6/1/2016 19:00,
6/1/2016 20:00,
6/1/2016 21:00,
6/1/2016 22:00,
6/1/2016 23:00,
7/1/2016 0:00,
7/1/2016 1:00,
7/1/2016 2:00,
7/1/2016 3:00,
7/1/2016 4:00,
7/1/2016 5:00,
7/1/2016 6:00,
7/1/2016 7:00,0.671
7/1/2016 8:00,0.824
7/1/2016 9:00,0.889
7/1/2016 10:00,0.905
7/1/2016 11:00,0.877
7/1/2016 12:00,0.882
7/1/2016 13:00,0.9
7/1/2016 14:00,0.906
7/1/2016 15:00,0.878
7/1/2016 16:00,0.861
7/1/2016 17:00,0.863
7/1/2016 18:00,0.803
7/1/2016 19:00,0.774
7/1/2016 20:00,0.75
7/1/2016 21:00,0.568
7/1/2016 22:00,0.371
7/1/2016 23:00,0.301
8/1/2016 0:00,0.286
8/1/2016 1:00,0.289
8/1/2016 2:00,0.287
8/1/2016 3:00,0.285
8/1/2016 4:00,0.292
8/1/2016 5:00,0.353
8/1/2016 6:00,0.501
8/1/2016 7:00,0.667
8/1/2016 8:00,0.828
8/1/2016 9:00,0.882
8/1/2016 10:00,0.897
8/1/2016 11:00,0.954
8/1/2016 12:00,0.924
8/1/2016 13:00,0.913
8/1/2016 14:00,0.901
8/1/2016 15:00,0.839
8/1/2016 16:00,0.849
8/1/2016 17:00,0.84
8/1/2016 18:00,0.813
8/1/2016 19:00,0.815
8/1/2016 20:00,0.778
8/1/2016 21:00,0.586
8/1/2016 22:00,0.384
8/1/2016 23:00,0.312
9/1/2016 0:00,0.296
9/1/2016 1:00,0.295
9/1/2016 2:00,0.295
9/1/2016 3:00,0.283
9/1/2016 4:00,0.274
9/1/2016 5:00,0.345
9/1/2016 6:00,0.491
9/1/2016 7:00,0.656
9/1/2016 8:00,0.769
9/1/2016 9:00,0.845
9/1/2016 10:00,0.822
9/1/2016 11:00,0.847
9/1/2016 12:00,0.891
9/1/2016 13:00,0.91
9/1/2016 14:00,0.872
9/1/2016 15:00,0.861
9/1/2016 16:00,0.844
9/1/2016 17:00,
9/1/2016 18:00,
9/1/2016 19:00,
9/1/2016 20:00,
9/1/2016 21:00,
9/1/2016 22:00,
9/1/2016 23:00,
10/1/2016 0:00,
10/1/2016 1:00,
10/1/2016 2:00,
10/1/2016 3:00,
10/1/2016 4:00,
10/1/2016 5:00,
10/1/2016 6:00,
10/1/2016 7:00,
10/1/2016 8:00,
10/1/2016 9:00,
10/1/2016 10:00,
10/1/2016 11:00,
10/1/2016 12:00,
10/1/2016 13:00,
10/1/2016 14:00,
10/1/2016 15:00,
10/1/2016 16:00,
10/1/2016 17:00,
10/1/2016 18:00,
10/1/2016 19:00,
10/1/2016 20:00,
10/1/2016 21:00,
10/1/2016 22:00,
10/1/2016 23:00,
11/1/2016 0:00,
11/1/2016 1:00,
11/1/2016 2:00,
11/1/2016 3:00,
11/1/2016 4:00,
11/1/2016 5:00,
11/1/2016 6:00,
11/1/2016 7:00,
11/1/2016 8:00,
11/1/2016 9:00,
11/1/2016 10:00,
11/1/2016 11:00,
11/1/2016 12:00,
11/1/2016 13:00,
11/1/2016 14:00,
11/1/2016 15:00,
11/1/2016 16:00,
11/1/2016 17:00,0.792
11/1/2016 18:00,0.809
11/1/2016 19:00,0.786
11/1/2016 20:00,0.769
11/1/2016 21:00,0.576
11/1/2016 22:00,0.411
11/1/2016 23:00,0.357
12/1/2016 0:00,0.365
12/1/2016 1:00,0.36
12/1/2016 2:00,0.35
12/1/2016 3:00,0.353
12/1/2016 4:00,0.34
12/1/2016 5:00,0.359
12/1/2016 6:00,0.519
12/1/2016 7:00,0.621
12/1/2016 8:00,0.775
12/1/2016 9:00,0.832
12/1/2016 10:00,0.833
12/1/2016 11:00,0.811
12/1/2016 12:00,0.797
12/1/2016 13:00,0.805
12/1/2016 14:00,0.8
12/1/2016 15:00,0.797
12/1/2016 16:00,0.782
12/1/2016 17:00,0.77
12/1/2016 18:00,0.774
12/1/2016 19:00,0.763
12/1/2016 20:00,0.728
12/1/2016 21:00,0.571
12/1/2016 22:00,
12/1/2016 23:00,
13/01/2016 00:00,
13/01/2016 01:00,
13/01/2016 02:00,
13/01/2016 03:00,
13/01/2016 04:00,
13/01/2016 05:00,
13/01/2016 06:00,
13/01/2016 07:00,
13/01/2016 08:00,
13/01/2016 09:00,
13/01/2016 10:00,
13/01/2016 11:00,
13/01/2016 12:00,
13/01/2016 13:00,
13/01/2016 14:00,
13/01/2016 15:00,
13/01/2016 16:00,
13/01/2016 17:00,
13/01/2016 18:00,
13/01/2016 19:00,
13/01/2016 20:00,
13/01/2016 21:00,
13/01/2016 22:00,
13/01/2016 23:00,
14/01/2016 00:00,
14/01/2016 01:00,
14/01/2016 02:00,
14/01/2016 03:00,
14/01/2016 04:00,
14/01/2016 05:00,
14/01/2016 06:00,
14/01/2016 07:00,
14/01/2016 08:00,
14/01/2016 09:00,
14/01/2016 10:00,
14/01/2016 11:00,
14/01/2016 12:00,
14/01/2016 13:00,
14/01/2016 14:00,
14/01/2016 15:00,
14/01/2016 16:00,
14/01/2016 17:00,
14/01/2016 18:00,
14/01/2016 19:00,
14/01/2016 20:00,
14/01/2016 21:00,
14/01/2016 22:00,0.429
14/01/2016 23:00,0.38
15/01/2016 00:00,0.359
15/01/2016 01:00,0.344
15/01/2016 02:00,0.315
15/01/2016 03:00,0.331
15/01/2016 04:00,0.334
15/01/2016 05:00,0.382
15/01/2016 06:00,0.591
15/01/2016 07:00,0.721
15/01/2016 08:00,0.811
15/01/2016 09:00,0.859
15/01/2016 10:00,0.888
15/01/2016 11:00,0.879
15/01/2016 12:00,0.884
15/01/2016 13:00,0.882
15/01/2016 14:00,0.872
15/01/2016 15:00,0.848
15/01/2016 16:00,0.895
15/01/2016 17:00,0.934
15/01/2016 18:00,0.899
15/01/2016 19:00,0.891
15/01/2016 20:00,0.854
15/01/2016 21:00,0.62
15/01/2016 22:00,0.423
15/01/2016 23:00,0.366
16/01/2016 00:00,0.353
16/01/2016 01:00,0.354
16/01/2016 02:00,0.343
16/01/2016 03:00,0.349
16/01/2016 04:00,0.334
16/01/2016 05:00,0.343
16/01/2016 06:00,0.577
16/01/2016 07:00,0.707
16/01/2016 08:00,0.885
16/01/2016 09:00,0.905
16/01/2016 10:00,0.923
16/01/2016 11:00,0.899
16/01/2016 12:00,0.969
16/01/2016 13:00,0.978
16/01/2016 14:00,0.974
16/01/2016 15:00,0.98
16/01/2016 16:00,0.949
16/01/2016 17:00,0.947
16/01/2016 18:00,0.924
16/01/2016 19:00,0.898
16/01/2016 20:00,0.844
16/01/2016 21:00,0.611
16/01/2016 22:00,0.388
16/01/2016 23:00,0.313
17/01/2016 00:00,0.285
17/01/2016 01:00,0.282
17/01/2016 02:00,0.285
17/01/2016 03:00,0.261
17/01/2016 04:00,0.264
17/01/2016 05:00,0.315
17/01/2016 06:00,0.453
17/01/2016 07:00,0.6
17/01/2016 08:00,0.795
17/01/2016 09:00,0.847
17/01/2016 10:00,0.854
17/01/2016 11:00,0.873
17/01/2016 12:00,0.829
17/01/2016 13:00,
17/01/2016 14:00,
17/01/2016 15:00,
17/01/2016 16:00,
17/01/2016 17:00,
17/01/2016 18:00,
17/01/2016 19:00,
17/01/2016 20:00,
17/01/2016 21:00,
17/01/2016 22:00,
17/01/2016 23:00,
18/01/2016 00:00,
18/01/2016 01:00,
18/01/2016 02:00,
18/01/2016 03:00,
18/01/2016 04:00,
18/01/2016 05:00,
18/01/2016 06:00,
18/01/2016 07:00,
18/01/2016 08:00,
18/01/2016 09:00,
18/01/2016 10:00,
18/01/2016 11:00,
18/01/2016 12:00,
18/01/2016 13:00,
18/01/2016 14:00,
18/01/2016 15:00,
18/01/2016 16:00,
18/01/2016 17:00,
18/01/2016 18:00,
18/01/2016 19:00,
18/01/2016 20:00,
18/01/2016 21:00,
18/01/2016 22:00,
18/01/2016 23:00,
19/01/2016 00:00,
19/01/2016 01:00,
19/01/2016 02:00,
19/01/2016 03:00,
19/01/2016 04:00,
19/01/2016 05:00,
19/01/2016 06:00,
19/01/2016 07:00,
19/01/2016 08:00,
19/01/2016 09:00,
19/01/2016 10:00,
19/01/2016 11:00,
19/01/2016 12:00,
19/01/2016 13:00,0.871
19/01/2016 14:00,0.88
19/01/2016 15:00,0.889
19/01/2016 16:00,0.858
19/01/2016 17:00,0.854
19/01/2016 18:00,0.839
19/01/2016 19:00,0.84
19/01/2016 20:00,0.803
19/01/2016 21:00,0.569
19/01/2016 22:00,0.351
19/01/2016 23:00,0.293
20/01/2016 00:00,0.282
20/01/2016 01:00,0.282
20/01/2016 02:00,0.296
20/01/2016 03:00,0.302
20/01/2016 04:00,0.294
20/01/2016 05:00,0.319
20/01/2016 06:00,0.541
20/01/2016 07:00,0.652
20/01/2016 08:00,
20/01/2016 09:00,
20/01/2016 10:00,
20/01/2016 11:00,
20/01/2016 12:00,
20/01/2016 13:00,
20/01/2016 14:00,
20/01/2016 15:00,
20/01/2016 16:00,
20/01/2016 17:00,
20/01/2016 18:00,
20/01/2016 19:00,
20/01/2016 20:00,
20/01/2016 21:00,
20/01/2016 22:00,
20/01/2016 23:00,
21/01/2016 00:00,
21/01/2016 01:00,
21/01/2016 02:00,
21/01/2016 03:00,
21/01/2016 04:00,
21/01/2016 05:00,
21/01/2016 06:00,
21/01/2016 07:00,
21/01/2016 08:00,
21/01/2016 09:00,
21/01/2016 10:00,
21/01/2016 11:00,
21/01/2016 12:00,
21/01/2016 13:00,
21/01/2016 14:00,
21/01/2016 15:00,
21/01/2016 16:00,
21/01/2016 17:00,
21/01/2016 18:00,
21/01/2016 19:00,
21/01/2016 20:00,
21/01/2016 21:00,
21/01/2016 22:00,
21/01/2016 23:00,
22/01/2016 00:00,
22/01/2016 01:00,
22/01/2016 02:00,
22/01/2016 03:00,
22/01/2016 04:00,
22/01/2016 05:00,
22/01/2016 06:00,
22/01/2016 07:00,
22/01/2016 08:00,0.882
22/01/2016 09:00,0.914
22/01/2016 10:00,0.889
22/01/2016 11:00,0.888
22/01/2016 12:00,0.912
22/01/2016 13:00,0.923
22/01/2016 14:00,0.896
22/01/2016 15:00,0.876
22/01/2016 16:00,0.876
22/01/2016 17:00,0.873
22/01/2016 18:00,0.883
22/01/2016 19:00,0.872
22/01/2016 20:00,0.799
22/01/2016 21:00,0.589
22/01/2016 22:00,0.385
22/01/2016 23:00,0.323
23/01/2016 00:00,0.323
23/01/2016 01:00,0.326
23/01/2016 02:00,0.323
23/01/2016 03:00,0.325
23/01/2016 04:00,0.333
23/01/2016 05:00,0.381
23/01/2016 06:00,0.536
23/01/2016 07:00,0.672
23/01/2016 08:00,0.801
23/01/2016 09:00,0.913
23/01/2016 10:00,0.988
23/01/2016 11:00,0.97
23/01/2016 12:00,0.971
23/01/2016 13:00,1.011
23/01/2016 14:00,0.999
23/01/2016 15:00,0.965
23/01/2016 16:00,1.012
23/01/2016 17:00,0.967
23/01/2016 18:00,0.957
23/01/2016 19:00,0.942
23/01/2016 20:00,0.908
23/01/2016 21:00,0.603
23/01/2016 22:00,0.368
23/01/2016 23:00,0.308
24/01/2016 00:00,0.283
24/01/2016 01:00,0.287
24/01/2016 02:00,0.289
24/01/2016 03:00,
24/01/2016 04:00,
24/01/2016 05:00,
24/01/2016 06:00,
24/01/2016 07:00,
24/01/2016 08:00,
24/01/2016 09:00,
24/01/2016 10:00,
24/01/2016 11:00,
24/01/2016 12:00,
24/01/2016 13:00,
24/01/2016 14:00,
24/01/2016 15:00,
24/01/2016 16:00,
24/01/2016 17:00,
24/01/2016 18:00,
24/01/2016 19:00,
24/01/2016 20:00,
24/01/2016 21:00,
24/01/2016 22:00,
24/01/2016 23:00,
25/01/2016 00:00,
25/01/2016 01:00,
25/01/2016 02:00,
25/01/2016 03:00,
25/01/2016 04:00,
25/01/2016 05:00,
25/01/2016 06:00,
25/01/2016 07:00,
25/01/2016 08:00,
25/01/2016 09:00,
25/01/2016 10:00,
25/01/2016 11:00,
25/01/2016 12:00,
25/01/2016 13:00,
25/01/2016 14:00,
25/01/2016 15:00,
25/01/2016 16:00,
25/01/2016 17:00,
25/01/2016 18:00,
25/01/2016 19:00,
25/01/2016 20:00,
25/01/2016 21:00,
25/01/2016 22:00,
25/01/2016 23:00,
26/01/2016 00:00,
26/01/2016 01:00,
26/01/2016 02:00,
26/01/2016 03:00,0.3
26/01/2016 04:00,0.295
26/01/2016 05:00,0.323
26/01/2016 06:00,0.535
26/01/2016 07:00,0.662
26/01/2016 08:00,0.817
26/01/2016 09:00,0.892
26/01/2016 10:00,0.889
26/01/2016 11:00,0.859
26/01/2016 12:00,0.858
26/01/2016 13:00,0.835
26/01/2016 14:00,0.873
26/01/2016 15:00,0.83
26/01/2016 16:00,0.844
26/01/2016 17:00,0.842
26/01/2016 18:00,0.838
26/01/2016 19:00,0.822
26/01/2016 20:00,0.768
26/01/2016 21:00,0.595
26/01/2016 22:00,0.397
26/01/2016 23:00,0.322
27/01/2016 00:00,0.33
27/01/2016 01:00,0.315
27/01/2016 02:00,0.313
27/01/2016 03:00,0.317
27/01/2016 04:00,0.314
27/01/2016 05:00,0.372
27/01/2016 06:00,0.528
27/01/2016 07:00,0.665
27/01/2016 08:00,0.76
27/01/2016 09:00,0.845
27/01/2016 10:00,0.884
27/01/2016 11:00,0.879
27/01/2016 12:00,0.9
27/01/2016 13:00,0.887
27/01/2016 14:00,0.837
27/01/2016 15:00,0.827
27/01/2016 16:00,0.828
27/01/2016 17:00,0.834
27/01/2016 18:00,0.837
27/01/2016 19:00,0.823
27/01/2016 20:00,0.784
27/01/2016 21:00,0.583
27/01/2016 22:00,0.399
27/01/2016 23:00,0.329
28/01/2016 00:00,0.322
28/01/2016 01:00,0.321
28/01/2016 02:00,0.329
28/01/2016 03:00,0.32
28/01/2016 04:00,0.318
28/01/2016 05:00,0.363
28/01/2016 06:00,0.572
28/01/2016 07:00,0.678
28/01/2016 08:00,0.807
28/01/2016 09:00,0.858
28/01/2016 10:00,0.887
28/01/2016 11:00,0.857
28/01/2016 12:00,0.851
28/01/2016 13:00,0.843
28/01/2016 14:00,0.876
28/01/2016 15:00,0.908
28/01/2016 16:00,0.885
28/01/2016 17:00,0.87
28/01/2016 18:00,0.842
28/01/2016 19:00,0.833
28/01/2016 20:00,0.787
28/01/2016 21:00,0.597
28/01/2016 22:00,0.426
28/01/2016 23:00,0.368
29/01/2016 00:00,0.358
29/01/2016 01:00,0.355
29/01/2016 02:00,0.337
29/01/2016 03:00,0.345
29/01/2016 04:00,0.345
29/01/2016 05:00,0.415
29/01/2016 06:00,0.588
29/01/2016 07:00,0.684
29/01/2016 08:00,0.836
29/01/2016 09:00,0.873
29/01/2016 10:00,0.909
29/01/2016 11:00,0.886
29/01/2016 12:00,0.902
29/01/2016 13:00,0.905
29/01/2016 14:00,0.889
29/01/2016 15:00,0.864
29/01/2016 16:00,0.849
29/01/2016 17:00,0.888
29/01/2016 18:00,0.84
29/01/2016 19:00,0.823
29/01/2016 20:00,0.805
29/01/2016 21:00,0.628
29/01/2016 22:00,0.419
29/01/2016 23:00,0.352
30/01/2016 00:00,0.355
30/01/2016 01:00,0.353
30/01/2016 02:00,0.358
30/01/2016 03:00,0.352
30/01/2016 04:00,0.347
30/01/2016 05:00,0.398
30/01/2016 06:00,0.597
30/01/2016 07:00,0.665
30/01/2016 08:00,0.82
30/01/2016 09:00,0.903
30/01/2016 10:00,0.889
30/01/2016 11:00,0.932
30/01/2016 12:00,0.918
30/01/2016 13:00,0.923
30/01/2016 14:00,0.952
30/01/2016 15:00,0.91
30/01/2016 16:00,0.882
30/01/2016 17:00,0.898
30/01/2016 18:00,0.84
30/01/2016 19:00,0.815
30/01/2016 20:00,
30/01/2016 21:00,
30/01/2016 22:00,
30/01/2016 23:00,
31/01/2016 00:00,
31/01/2016 01:00,
31/01/2016 02:00,
31/01/2016 03:00,
31/01/2016 04:00,
31/01/2016 05:00,
31/01/2016 06:00,
31/01/2016 07:00,
31/01/2016 08:00,
31/01/2016 09:00,
31/01/2016 10:00,
31/01/2016 11:00,
31/01/2016 12:00,
31/01/2016 13:00,
31/01/2016 14:00,
31/01/2016 15:00,
31/01/2016 16:00,
31/01/2016 17:00,
31/01/2016 18:00,
31/01/2016 19:00,
31/01/2016 20:00,
31/01/2016 21:00,
31/01/2016 22:00,
31/01/2016 23:00,
1/2/2016 0:00,
1/2/2016 1:00,
1/2/2016 2:00,
1/2/2016 3:00,
1/2/2016 4:00,
1/2/2016 5:00,
1/2/2016 6:00,
1/2/2016 7:00,
1/2/2016 8:00,0.78
1/2/2016 9:00,0.809
1/2/2016 10:00,0.81
1/2/2016 11:00,0.814
1/2/2016 12:00,0.817
1/2/2016 13:00,0.795
1/2/2016 14:00,0.798
1/2/2016 15:00,0.769
1/2/2016 16:00,0.796
1/2/2016 17:00,0.779
1/2/2016 18:00,0.774
1/2/2016 19:00,0.764
1/2/2016 20:00,0.758
1/2/2016 21:00,
1/2/2016 22:00,
1/2/2016 23:00,
2/2/2016 0:00,
2/2/2016 1:00,
2/2/2016 2:00,
2/2/2016 3:00,
2/2/2016 4:00,
2/2/2016 5:00,
2/2/2016 6:00,
2/2/2016 7:00,
2/2/2016 8:00,
2/2/2016 9:00,
2/2/2016 10:00,
2/2/2016 11:00,
2/2/2016 12:00,
2/2/2016 13:00,
2/2/2016 14:00,
2/2/2016 15:00,
2/2/2016 16:00,
2/2/2016 17:00,
2/2/2016 18:00,
2/2/2016 19:00,
2/2/2016 20:00,
2/2/2016 21:00,
2/2/2016 22:00,
2/2/2016 23:00,
3/2/2016 0:00,
3/2/2016 1:00,
3/2/2016 2:00,
3/2/2016 3:00,
3/2/2016 4:00,
3/2/2016 5:00,
3/2/2016 6:00,
3/2/2016 7:00,
3/2/2016 8:00,
3/2/2016 9:00,
3/2/2016 10:00,
3/2/2016 11:00,
3/2/2016 12:00,
3/2/2016 13:00,
3/2/2016 14:00,
3/2/2016 15:00,
3/2/2016 16:00,
3/2/2016 17:00,
3/2/2016 18:00,
3/2/2016 19:00,
3/2/2016 20:00,
3/2/2016 21:00,0.618
3/2/2016 22:00,0.405
3/2/2016 23:00,0.343
4/2/2016 0:00,0.346
4/2/2016 1:00,0.372
4/2/2016 2:00,0.357
4/2/2016 3:00,0.362
4/2/2016 4:00,0.336
4/2/2016 5:00,0.364
4/2/2016 6:00,0.56
4/2/2016 7:00,0.683
4/2/2016 8:00,0.821
4/2/2016 9:00,0.896
4/2/2016 10:00,0.872
4/2/2016 11:00,0.87
4/2/2016 12:00,0.845
4/2/2016 13:00,0.838
4/2/2016 14:00,0.842
4/2/2016 15:00,0.84
4/2/2016 16:00,0.798
4/2/2016 17:00,0.825
4/2/2016 18:00,0.836
4/2/2016 19:00,0.805
4/2/2016 20:00,0.773
4/2/2016 21:00,0.602
4/2/2016 22:00,0.406
4/2/2016 23:00,0.343
5/2/2016 0:00,0.332
5/2/2016 1:00,0.329
5/2/2016 2:00,0.324
5/2/2016 3:00,0.333
5/2/2016 4:00,0.332
5/2/2016 5:00,0.389
5/2/2016 6:00,0.58
5/2/2016 7:00,0.71
5/2/2016 8:00,0.833
5/2/2016 9:00,0.875
5/2/2016 10:00,0.918
5/2/2016 11:00,0.932
5/2/2016 12:00,0.917
5/2/2016 13:00,0.882
5/2/2016 14:00,0.87
5/2/2016 15:00,0.872
5/2/2016 16:00,0.854
5/2/2016 17:00,0.864
5/2/2016 18:00,0.836
5/2/2016 19:00,0.819
5/2/2016 20:00,0.773
5/2/2016 21:00,0.596
5/2/2016 22:00,0.41
5/2/2016 23:00,0.327
7/2/2016 0:00,0.317
7/2/2016 1:00,0.342
7/2/2016 2:00,0.322
7/2/2016 3:00,0.324
7/2/2016 4:00,0.327
7/2/2016 5:00,0.332
7/2/2016 6:00,0.557
7/2/2016 7:00,0.667
7/2/2016 8:00,0.835
7/2/2016 9:00,0.864
7/2/2016 10:00,0.872
7/2/2016 11:00,0.882
7/2/2016 12:00,0.879
7/2/2016 13:00,0.914
7/2/2016 14:00,0.883
7/2/2016 15:00,0.883
7/2/2016 16:00,0.872
7/2/2016 17:00,0.861
7/2/2016 18:00,0.873
7/2/2016 19:00,0.856
7/2/2016 20:00,0.794
7/2/2016 21:00,0.629
7/2/2016 22:00,0.443
7/2/2016 23:00,0.367
8/2/2016 0:00,0.36
8/2/2016 1:00,0.357
8/2/2016 2:00,0.353
8/2/2016 3:00,0.351
8/2/2016 4:00,0.359
8/2/2016 5:00,0.402
8/2/2016 6:00,
8/2/2016 7:00,
8/2/2016 8:00,
8/2/2016 9:00,
8/2/2016 10:00,
8/2/2016 11:00,
8/2/2016 12:00,
8/2/2016 13:00,
8/2/2016 14:00,
8/2/2016 15:00,
8/2/2016 16:00,
8/2/2016 17:00,
8/2/2016 18:00,
8/2/2016 19:00,
8/2/2016 20:00,
8/2/2016 21:00,
8/2/2016 22:00,
8/2/2016 23:00,
9/2/2016 0:00,
9/2/2016 1:00,
9/2/2016 2:00,
9/2/2016 3:00,
9/2/2016 4:00,
9/2/2016 5:00,
9/2/2016 6:00,
9/2/2016 7:00,
9/2/2016 8:00,
9/2/2016 9:00,
9/2/2016 10:00,
9/2/2016 11:00,
9/2/2016 12:00,
9/2/2016 13:00,
9/2/2016 14:00,
9/2/2016 15:00,
9/2/2016 16:00,
9/2/2016 17:00,
9/2/2016 18:00,
9/2/2016 19:00,
9/2/2016 20:00,
9/2/2016 21:00,
9/2/2016 22:00,
9/2/2016 23:00,
10/2/2016 0:00,
10/2/2016 1:00,
10/2/2016 2:00,
10/2/2016 3:00,
10/2/2016 4:00,
10/2/2016 5:00,
10/2/2016 6:00,0.588
10/2/2016 7:00,0.665
10/2/2016 8:00,0.768
10/2/2016 9:00,0.844
10/2/2016 10:00,0.855
10/2/2016 11:00,0.859
10/2/2016 12:00,0.88
10/2/2016 13:00,0.83
10/2/2016 14:00,0.79
10/2/2016 15:00,0.812
10/2/2016 16:00,0.819
10/2/2016 17:00,0.824
10/2/2016 18:00,0.801
10/2/2016 19:00,0.78
10/2/2016 20:00,0.76
10/2/2016 21:00,0.598
10/2/2016 22:00,0.403
10/2/2016 23:00,0.346
11/2/2016 0:00,0.335
11/2/2016 1:00,0.351
11/2/2016 2:00,0.345
11/2/2016 3:00,0.342
11/2/2016 4:00,0.328
11/2/2016 5:00,0.417
11/2/2016 6:00,0.594
11/2/2016 7:00,0.686
11/2/2016 8:00,0.773
11/2/2016 9:00,0.838
11/2/2016 10:00,0.868
11/2/2016 11:00,0.884
11/2/2016 12:00,0.86
11/2/2016 13:00,0.853
11/2/2016 14:00,0.854
11/2/2016 15:00,0.852
11/2/2016 16:00,0.812
11/2/2016 17:00,0.835
11/2/2016 18:00,0.823
11/2/2016 19:00,0.798
11/2/2016 20:00,0.756
11/2/2016 21:00,0.628
11/2/2016 22:00,0.443
11/2/2016 23:00,0.359
12/2/2016 0:00,0.351
12/2/2016 1:00,0.368
12/2/2016 2:00,0.348
12/2/2016 3:00,0.366
12/2/2016 4:00,0.343
12/2/2016 5:00,0.411
12/2/2016 6:00,0.549
12/2/2016 7:00,0.662
12/2/2016 8:00,0.769
12/2/2016 9:00,0.832
12/2/2016 10:00,0.846
12/2/2016 11:00,0.845
12/2/2016 12:00,0.87
12/2/2016 13:00,0.857
12/2/2016 14:00,0.812
12/2/2016 15:00,0.818
12/2/2016 16:00,0.81
12/2/2016 17:00,0.816
12/2/2016 18:00,0.804
12/2/2016 19:00,0.776
12/2/2016 20:00,0.762
12/2/2016 21:00,0.635
12/2/2016 22:00,0.426
12/2/2016 23:00,0.359
13/02/2016 00:00,0.359
13/02/2016 01:00,0.343
13/02/2016 02:00,0.337
13/02/2016 03:00,0.346
13/02/2016 04:00,0.345
13/02/2016 05:00,0.401
13/02/2016 06:00,0.641
13/02/2016 07:00,0.685
13/02/2016 08:00,0.785
13/02/2016 09:00,0.862
13/02/2016 10:00,0.878
13/02/2016 11:00,0.888
13/02/2016 12:00,0.897
13/02/2016 13:00,0.872
13/02/2016 14:00,0.844
13/02/2016 15:00,0.83
13/02/2016 16:00,0.854
13/02/2016 17:00,0.859
13/02/2016 18:00,0.857
13/02/2016 19:00,0.819
13/02/2016 20:00,0.781
13/02/2016 21:00,0.603
13/02/2016 22:00,0.408
13/02/2016 23:00,0.339
14/02/2016 00:00,0.347
14/02/2016 01:00,0.344
14/02/2016 02:00,0.335
14/02/2016 03:00,0.342
14/02/2016 04:00,
14/02/2016 05:00,
14/02/2016 06:00,
14/02/2016 07:00,
14/02/2016 08:00,
14/02/2016 09:00,
14/02/2016 10:00,
14/02/2016 11:00,
14/02/2016 12:00,
14/02/2016 13:00,
14/02/2016 14:00,
14/02/2016 15:00,
14/02/2016 16:00,
14/02/2016 17:00,
14/02/2016 18:00,
14/02/2016 19:00,
14/02/2016 20:00,
14/02/2016 21:00,
14/02/2016 22:00,
14/02/2016 23:00,
15/02/2016 00:00,
15/02/2016 01:00,
15/02/2016 02:00,
15/02/2016 03:00,
15/02/2016 04:00,
15/02/2016 05:00,
15/02/2016 06:00,
15/02/2016 07:00,
15/02/2016 08:00,
15/02/2016 09:00,
15/02/2016 10:00,
15/02/2016 11:00,
15/02/2016 12:00,
15/02/2016 13:00,
15/02/2016 14:00,
15/02/2016 15:00,
15/02/2016 16:00,
15/02/2016 17:00,
15/02/2016 18:00,
15/02/2016 19:00,
15/02/2016 20:00,
15/02/2016 21:00,
15/02/2016 22:00,
15/02/2016 23:00,
16/02/2016 00:00,
16/02/2016 01:00,
16/02/2016 02:00,
16/02/2016 03:00,
16/02/2016 04:00,0.336
16/02/2016 05:00,0.422
16/02/2016 06:00,0.606
16/02/2016 07:00,0.647
16/02/2016 08:00,0.76
16/02/2016 09:00,0.813
16/02/2016 10:00,0.834
16/02/2016 11:00,0.849
16/02/2016 12:00,0.863
16/02/2016 13:00,0.866
16/02/2016 14:00,0.806
16/02/2016 15:00,0.785
16/02/2016 16:00,0.778
16/02/2016 17:00,0.793
16/02/2016 18:00,0.778
16/02/2016 19:00,0.759
16/02/2016 20:00,0.726
16/02/2016 21:00,0.581
16/02/2016 22:00,0.417
16/02/2016 23:00,0.373
17/02/2016 00:00,0.366
17/02/2016 01:00,0.386
17/02/2016 02:00,0.374
17/02/2016 03:00,0.357
17/02/2016 04:00,0.357
17/02/2016 05:00,0.44
17/02/2016 06:00,0.555
17/02/2016 07:00,0.651
17/02/2016 08:00,0.744
17/02/2016 09:00,0.802
17/02/2016 10:00,
17/02/2016 11:00,
17/02/2016 12:00,
17/02/2016 13:00,
17/02/2016 14:00,
17/02/2016 15:00,
17/02/2016 16:00,
17/02/2016 17:00,
17/02/2016 18:00,
17/02/2016 19:00,
17/02/2016 20:00,
17/02/2016 21:00,
17/02/2016 22:00,
17/02/2016 23:00,
18/02/2016 00:00,
18/02/2016 01:00,
18/02/2016 02:00,
18/02/2016 03:00,
18/02/2016 04:00,
18/02/2016 05:00,
18/02/2016 06:00,
18/02/2016 07:00,
18/02/2016 08:00,
18/02/2016 09:00,
18/02/2016 10:00,
18/02/2016 11:00,
18/02/2016 12:00,
18/02/2016 13:00,
18/02/2016 14:00,
18/02/2016 15:00,
18/02/2016 16:00,
18/02/2016 17:00,
18/02/2016 18:00,
18/02/2016 19:00,
18/02/2016 20:00,
18/02/2016 21:00,
18/02/2016 22:00,
18/02/2016 23:00,
19/02/2016 00:00,
19/02/2016 01:00,
19/02/2016 02:00,
19/02/2016 03:00,
19/02/2016 04:00,
19/02/2016 05:00,
19/02/2016 06:00,
19/02/2016 07:00,
19/02/2016 08:00,
19/02/2016 09:00,
19/02/2016 10:00,0.844
19/02/2016 11:00,0.815
19/02/2016 12:00,0.812
19/02/2016 13:00,0.818
19/02/2016 14:00,0.812
19/02/2016 15:00,0.786
19/02/2016 16:00,0.805
19/02/2016 17:00,0.814
19/02/2016 18:00,0.814
19/02/2016 19:00,0.749
19/02/2016 20:00,0.736
19/02/2016 21:00,0.592
19/02/2016 22:00,0.389
19/02/2016 23:00,0.321
20/02/2016 00:00,0.313
20/02/2016 01:00,0.306
20/02/2016 02:00,0.307
20/02/2016 03:00,0.316
20/02/2016 04:00,0.296
20/02/2016 05:00,0.362
20/02/2016 06:00,0.582
20/02/2016 07:00,0.635
20/02/2016 08:00,0.815
20/02/2016 09:00,0.864
20/02/2016 10:00,0.836
20/02/2016 11:00,0.842
20/02/2016 12:00,0.837
20/02/2016 13:00,0.882
20/02/2016 14:00,0.867
20/02/2016 15:00,0.867
20/02/2016 16:00,0.834
20/02/2016 17:00,0.822
20/02/2016 18:00,0.847
20/02/2016 19:00,0.804
20/02/2016 20:00,0.757
20/02/2016 21:00,0.596
20/02/2016 22:00,0.394
20/02/2016 23:00,0.323
21/02/2016 00:00,0.32
21/02/2016 01:00,0.324
21/02/2016 02:00,0.311
21/02/2016 03:00,0.329
21/02/2016 04:00,0.308
21/02/2016 05:00,0.376
21/02/2016 06:00,0.561
21/02/2016 07:00,0.656
21/02/2016 08:00,0.767
21/02/2016 09:00,0.877
21/02/2016 10:00,0.861
21/02/2016 11:00,0.89
21/02/2016 12:00,0.893
21/02/2016 13:00,0.883
21/02/2016 14:00,0.869
21/02/2016 15:00,0.863
21/02/2016 16:00,0.816
21/02/2016 17:00,0.842
21/02/2016 18:00,0.817
21/02/2016 19:00,0.789
21/02/2016 20:00,0.749
21/02/2016 21:00,0.598
21/02/2016 22:00,0.371
21/02/2016 23:00,0.283
22/02/2016 00:00,0.278
22/02/2016 01:00,0.3
22/02/2016 02:00,0.281
22/02/2016 03:00,0.278
22/02/2016 04:00,0.278
22/02/2016 05:00,0.325
22/02/2016 06:00,0.533
22/02/2016 07:00,0.623
22/02/2016 08:00,0.798
22/02/2016 09:00,0.828
22/02/2016 10:00,0.854
22/02/2016 11:00,0.849
22/02/2016 12:00,0.828
22/02/2016 13:00,0.852
22/02/2016 14:00,0.826
22/02/2016 15:00,0.779
22/02/2016 16:00,0.817
22/02/2016 17:00,0.789
22/02/2016 18:00,0.771
22/02/2016 19:00,0.692
22/02/2016 20:00,0.618
22/02/2016 21:00,0.559
22/02/2016 22:00,0.41
22/02/2016 23:00,
23/02/2016 00:00,
23/02/2016 01:00,
23/02/2016 02:00,
23/02/2016 03:00,
23/02/2016 04:00,
23/02/2016 05:00,
23/02/2016 06:00,
23/02/2016 07:00,
23/02/2016 08:00,
23/02/2016 09:00,
23/02/2016 10:00,
23/02/2016 11:00,
23/02/2016 12:00,
23/02/2016 13:00,
23/02/2016 14:00,
23/02/2016 15:00,
23/02/2016 16:00,
23/02/2016 17:00,
23/02/2016 18:00,
23/02/2016 19:00,
23/02/2016 20:00,
23/02/2016 21:00,
23/02/2016 22:00,
23/02/2016 23:00,
24/02/2016 00:00,
24/02/2016 01:00,
24/02/2016 02:00,
24/02/2016 03:00,
24/02/2016 04:00,
24/02/2016 05:00,
24/02/2016 06:00,
24/02/2016 07:00,
24/02/2016 08:00,
24/02/2016 09:00,
24/02/2016 10:00,
24/02/2016 11:00,
24/02/2016 12:00,
24/02/2016 13:00,
24/02/2016 14:00,
24/02/2016 15:00,
24/02/2016 16:00,
24/02/2016 17:00,
24/02/2016 18:00,
24/02/2016 19:00,
24/02/2016 20:00,
24/02/2016 21:00,
24/02/2016 22:00,
24/02/2016 23:00,0.339
25/02/2016 00:00,0.318
25/02/2016 01:00,0.318
25/02/2016 02:00,0.335
25/02/2016 03:00,0.341
25/02/2016 04:00,0.323
25/02/2016 05:00,0.375
25/02/2016 06:00,0.61
25/02/2016 07:00,0.64
25/02/2016 08:00,0.711
25/02/2016 09:00,0.789
25/02/2016 10:00,0.779
25/02/2016 11:00,0.817
25/02/2016 12:00,0.847
25/02/2016 13:00,0.806
25/02/2016 14:00,0.759
25/02/2016 15:00,0.746
25/02/2016 16:00,0.762
25/02/2016 17:00,0.765
25/02/2016 18:00,0.746
25/02/2016 19:00,0.719
25/02/2016 20:00,0.698
25/02/2016 21:00,0.583
25/02/2016 22:00,
25/02/2016 23:00,
26/02/2016 00:00,
26/02/2016 01:00,
26/02/2016 02:00,
26/02/2016 03:00,
26/02/2016 04:00,
26/02/2016 05:00,
26/02/2016 06:00,
26/02/2016 07:00,
26/02/2016 08:00,
26/02/2016 09:00,
26/02/2016 10:00,
26/02/2016 11:00,
26/02/2016 12:00,
26/02/2016 13:00,
26/02/2016 14:00,
26/02/2016 15:00,
26/02/2016 16:00,
26/02/2016 17:00,
26/02/2016 18:00,
26/02/2016 19:00,
26/02/2016 20:00,
26/02/2016 21:00,
26/02/2016 22:00,
26/02/2016 23:00,
27/02/2016 00:00,
27/02/2016 01:00,
27/02/2016 02:00,
27/02/2016 03:00,
27/02/2016 04:00,
27/02/2016 05:00,
27/02/2016 06:00,
27/02/2016 07:00,
27/02/2016 08:00,
27/02/2016 09:00,
27/02/2016 10:00,
27/02/2016 11:00,
27/02/2016 12:00,
27/02/2016 13:00,
27/02/2016 14:00,
27/02/2016 15:00,
27/02/2016 16:00,
27/02/2016 17:00,
27/02/2016 18:00,
27/02/2016 19:00,
27/02/2016 20:00,
27/02/2016 21:00,
27/02/2016 22:00,0.384
27/02/2016 23:00,0.323
28/02/2016 00:00,0.329
28/02/2016 01:00,0.312
28/02/2016 02:00,0.321
28/02/2016 03:00,0.328
28/02/2016 04:00,0.31
28/02/2016 05:00,0.314
28/02/2016 06:00,0.606
28/02/2016 07:00,0.644
28/02/2016 08:00,0.77
28/02/2016 09:00,0.856
28/02/2016 10:00,0.833
28/02/2016 11:00,0.857
28/02/2016 12:00,0.846
28/02/2016 13:00,0.839
28/02/2016 14:00,0.895
28/02/2016 15:00,0.888
28/02/2016 16:00,0.823
28/02/2016 17:00,0.833
28/02/2016 18:00,0.823
28/02/2016 19:00,0.804
28/02/2016 20:00,0.797
28/02/2016 21:00,0.602
28/02/2016 22:00,0.401
28/02/2016 23:00,0.334
29/02/2016 00:00,0.335
29/02/2016 01:00,0.326
29/02/2016 02:00,0.328
29/02/2016 03:00,0.327
29/02/2016 04:00,0.321
29/02/2016 05:00,0.388
29/02/2016 06:00,0.494
29/02/2016 07:00,0.597
29/02/2016 08:00,0.76
29/02/2016 09:00,0.839
29/02/2016 10:00,0.85
29/02/2016 11:00,0.843
29/02/2016 12:00,0.836
29/02/2016 13:00,0.826
29/02/2016 14:00,0.819
29/02/2016 15:00,0.789
29/02/2016 16:00,0.791
29/02/2016 17:00,0.789
29/02/2016 18:00,0.782
29/02/2016 19:00,0.763
29/02/2016 20:00,0.667
29/02/2016 21:00,0.534
29/02/2016 22:00,0.42
29/02/2016 23:00,0.34
1/3/2016 0:00,0.349
1/3/2016 1:00,0.348
1/3/2016 2:00,0.336
1/3/2016 3:00,0.348
1/3/2016 4:00,0.34
1/3/2016 5:00,0.38
1/3/2016 6:00,0.596
1/3/2016 7:00,0.65
1/3/2016 8:00,0.723
1/3/2016 9:00,0.774
1/3/2016 10:00,0.814
1/3/2016 11:00,0.819
1/3/2016 12:00,0.797
1/3/2016 13:00,0.811
1/3/2016 14:00,0.79
1/3/2016 15:00,0.77
1/3/2016 16:00,0.733
1/3/2016 17:00,0.772
1/3/2016 18:00,0.771
1/3/2016 19:00,0.766
1/3/2016 20:00,0.75
1/3/2016 21:00,0.624
1/3/2016 22:00,0.469
1/3/2016 23:00,0.363
2/3/2016 0:00,0.35
2/3/2016 1:00,0.349
2/3/2016 2:00,0.353
2/3/2016 3:00,0.357
2/3/2016 4:00,0.353
2/3/2016 5:00,0.384
2/3/2016 6:00,0.613
2/3/2016 7:00,0.659
2/3/2016 8:00,0.748
2/3/2016 9:00,0.765
2/3/2016 10:00,0.793
2/3/2016 11:00,0.786
2/3/2016 12:00,0.803
2/3/2016 13:00,0.762
2/3/2016 14:00,0.762
2/3/2016 15:00,0.734
2/3/2016 16:00,0.748
2/3/2016 17:00,0.752
2/3/2016 18:00,0.768
2/3/2016 19:00,0.72
2/3/2016 20:00,0.696
2/3/2016 21:00,0.564
2/3/2016 22:00,0.38
2/3/2016 23:00,0.338
3/3/2016 0:00,0.31
3/3/2016 1:00,0.312
3/3/2016 2:00,0.33
3/3/2016 3:00,0.328
3/3/2016 4:00,0.321
3/3/2016 5:00,0.364
3/3/2016 6:00,0.59
3/3/2016 7:00,0.639
3/3/2016 8:00,0.768
3/3/2016 9:00,0.786
3/3/2016 10:00,0.776
3/3/2016 11:00,0.837
3/3/2016 12:00,0.801
3/3/2016 13:00,0.777
3/3/2016 14:00,0.763
3/3/2016 15:00,0.779
3/3/2016 16:00,0.747
3/3/2016 17:00,0.747
3/3/2016 18:00,0.765
3/3/2016 19:00,0.749
3/3/2016 20:00,0.73
3/3/2016 21:00,0.562
3/3/2016 22:00,0.378
3/3/2016 23:00,0.323
4/3/2016 0:00,0.299
4/3/2016 1:00,0.289
4/3/2016 2:00,0.295
4/3/2016 3:00,0.292
4/3/2016 4:00,0.278
4/3/2016 5:00,0.318
4/3/2016 6:00,0.532
4/3/2016 7:00,0.638
4/3/2016 8:00,0.739
4/3/2016 9:00,0.796
4/3/2016 10:00,0.832
4/3/2016 11:00,0.827
4/3/2016 12:00,0.835
4/3/2016 13:00,0.807
4/3/2016 14:00,0.818
4/3/2016 15:00,0.787
4/3/2016 16:00,0.749
4/3/2016 17:00,0.773
4/3/2016 18:00,0.757
4/3/2016 19:00,0.746
4/3/2016 20:00,
4/3/2016 21:00,
4/3/2016 22:00,
4/3/2016 23:00,
5/3/2016 0:00,
5/3/2016 1:00,
5/3/2016 2:00,
5/3/2016 3:00,
5/3/2016 4:00,
5/3/2016 5:00,
5/3/2016 6:00,
5/3/2016 7:00,
5/3/2016 8:00,
5/3/2016 9:00,
5/3/2016 10:00,
5/3/2016 11:00,
5/3/2016 12:00,
5/3/2016 13:00,
5/3/2016 14:00,
5/3/2016 15:00,
5/3/2016 16:00,
5/3/2016 17:00,
5/3/2016 18:00,
5/3/2016 19:00,
5/3/2016 20:00,
5/3/2016 21:00,
5/3/2016 22:00,
5/3/2016 23:00,
6/3/2016 0:00,
6/3/2016 1:00,
6/3/2016 2:00,
6/3/2016 3:00,
6/3/2016 4:00,
6/3/2016 5:00,
6/3/2016 6:00,
6/3/2016 7:00,
6/3/2016 8:00,0.777
6/3/2016 9:00,0.85
6/3/2016 10:00,0.85
6/3/2016 11:00,0.865
6/3/2016 12:00,0.853
6/3/2016 13:00,0.887
6/3/2016 14:00,0.833
6/3/2016 15:00,0.83
6/3/2016 16:00,0.807
6/3/2016 17:00,0.793
6/3/2016 18:00,
6/3/2016 19:00,
6/3/2016 20:00,
6/3/2016 21:00,
6/3/2016 22:00,
6/3/2016 23:00,
7/3/2016 0:00,
7/3/2016 1:00,
7/3/2016 2:00,
7/3/2016 3:00,
7/3/2016 4:00,
7/3/2016 5:00,
7/3/2016 6:00,
7/3/2016 7:00,
7/3/2016 8:00,
7/3/2016 9:00,
7/3/2016 10:00,
7/3/2016 11:00,
7/3/2016 12:00,
7/3/2016 13:00,
7/3/2016 14:00,
7/3/2016 15:00,
7/3/2016 16:00,
7/3/2016 17:00,
7/3/2016 18:00,
7/3/2016 19:00,
7/3/2016 20:00,
7/3/2016 21:00,
7/3/2016 22:00,
7/3/2016 23:00,
8/3/2016 0:00,
8/3/2016 1:00,
8/3/2016 2:00,
8/3/2016 3:00,
8/3/2016 4:00,
8/3/2016 5:00,
8/3/2016 6:00,0.568
8/3/2016 7:00,0.646
8/3/2016 8:00,0.684
8/3/2016 9:00,0.749
8/3/2016 10:00,0.765
8/3/2016 11:00,0.746
8/3/2016 12:00,0.782
8/3/2016 13:00,0.793
8/3/2016 14:00,0.783
8/3/2016 15:00,0.727
8/3/2016 16:00,0.699
8/3/2016 17:00,0.701
8/3/2016 18:00,0.757
8/3/2016 19:00,0.706
8/3/2016 20:00,0.689
8/3/2016 21:00,0.563
8/3/2016 22:00,0.389
8/3/2016 23:00,0.3
9/3/2016 0:00,0.291
9/3/2016 1:00,0.293
9/3/2016 2:00,0.296
9/3/2016 3:00,0.285
9/3/2016 4:00,0.296
9/3/2016 5:00,
9/3/2016 6:00,
9/3/2016 7:00,
9/3/2016 8:00,
9/3/2016 9:00,
9/3/2016 10:00,
9/3/2016 11:00,
9/3/2016 12:00,
9/3/2016 13:00,
9/3/2016 14:00,
9/3/2016 15:00,
9/3/2016 16:00,
9/3/2016 17:00,
9/3/2016 18:00,
9/3/2016 19:00,
9/3/2016 20:00,
9/3/2016 21:00,
9/3/2016 22:00,
9/3/2016 23:00,
10/3/2016 0:00,
10/3/2016 1:00,
10/3/2016 2:00,
10/3/2016 3:00,
10/3/2016 4:00,
10/3/2016 5:00,
10/3/2016 6:00,
10/3/2016 7:00,
10/3/2016 8:00,
10/3/2016 9:00,
10/3/2016 10:00,
10/3/2016 11:00,
10/3/2016 12:00,
10/3/2016 13:00,
10/3/2016 14:00,
10/3/2016 15:00,
10/3/2016 16:00,
10/3/2016 17:00,0.784
10/3/2016 18:00,0.751
10/3/2016 19:00,0.746
10/3/2016 20:00,0.724
10/3/2016 21:00,0.579
10/3/2016 22:00,0.361
10/3/2016 23:00,0.314
11/3/2016 0:00,0.316
11/3/2016 1:00,0.312
11/3/2016 2:00,0.303
11/3/2016 3:00,0.291
11/3/2016 4:00,0.29
11/3/2016 5:00,0.364
11/3/2016 6:00,0.507
11/3/2016 7:00,0.596
11/3/2016 8:00,0.711
11/3/2016 9:00,0.789
11/3/2016 10:00,0.818
11/3/2016 11:00,0.848
11/3/2016 12:00,0.807
11/3/2016 13:00,0.784
11/3/2016 14:00,0.807
11/3/2016 15:00,0.775
11/3/2016 16:00,0.764
11/3/2016 17:00,0.787
11/3/2016 18:00,0.769
11/3/2016 19:00,0.755
11/3/2016 20:00,0.765
11/3/2016 21:00,0.593
11/3/2016 22:00,0.382
11/3/2016 23:00,0.326
12/3/2016 0:00,0.302
12/3/2016 1:00,0.301
12/3/2016 2:00,0.311
12/3/2016 3:00,0.311
12/3/2016 4:00,0.296
12/3/2016 5:00,0.369
12/3/2016 6:00,0.543
12/3/2016 7:00,0.617
12/3/2016 8:00,0.717
12/3/2016 9:00,0.811
12/3/2016 10:00,0.805
12/3/2016 11:00,0.826
12/3/2016 12:00,0.835
12/3/2016 13:00,0.816
12/3/2016 14:00,0.832
12/3/2016 15:00,0.856
12/3/2016 16:00,0.874
12/3/2016 17:00,0.827
12/3/2016 18:00,0.864
12/3/2016 19:00,0.85
12/3/2016 20:00,0.794
12/3/2016 21:00,0.583
12/3/2016 22:00,0.391
12/3/2016 23:00,0.327
13/03/2016 00:00,0.32
13/03/2016 01:00,0.306
13/03/2016 02:00,0.302
13/03/2016 03:00,0.307
13/03/2016 04:00,0.311
13/03/2016 05:00,0.384
13/03/2016 06:00,0.557
13/03/2016 07:00,0.603
13/03/2016 08:00,0.776
13/03/2016 09:00,0.852
13/03/2016 10:00,0.877
13/03/2016 11:00,0.878
13/03/2016 12:00,0.909
13/03/2016 13:00,0.867
13/03/2016 14:00,0.855
13/03/2016 15:00,0.904
13/03/2016 16:00,0.841
13/03/2016 17:00,0.847
13/03/2016 18:00,0.817
13/03/2016 19:00,0.804
13/03/2016 20:00,0.774
13/03/2016 21:00,0.565
13/03/2016 22:00,0.376
13/03/2016 23:00,0.31
14/03/2016 00:00,0.312
14/03/2016 01:00,0.303
14/03/2016 02:00,0.298
14/03/2016 03:00,0.301
14/03/2016 04:00,0.3
14/03/2016 05:00,0.294
14/03/2016 06:00,0.583
14/03/2016 07:00,0.618
14/03/2016 08:00,0.8
14/03/2016 09:00,0.847
14/03/2016 10:00,0.859
14/03/2016 11:00,0.85
14/03/2016 12:00,0.85
14/03/2016 13:00,0.83
14/03/2016 14:00,0.836
14/03/2016 15:00,0.84
14/03/2016 16:00,
14/03/2016 17:00,
14/03/2016 18:00,
14/03/2016 19:00,
14/03/2016 20:00,
14/03/2016 21:00,
14/03/2016 22:00,
14/03/2016 23:00,
15/03/2016 00:00,
15/03/2016 01:00,
15/03/2016 02:00,
15/03/2016 03:00,
15/03/2016 04:00,
15/03/2016 05:00,
15/03/2016 06:00,
15/03/2016 07:00,
15/03/2016 08:00,
15/03/2016 09:00,
15/03/2016 10:00,
15/03/2016 11:00,
15/03/2016 12:00,
15/03/2016 13:00,
15/03/2016 14:00,
15/03/2016 15:00,
15/03/2016 16:00,
15/03/2016 17:00,
15/03/2016 18:00,
15/03/2016 19:00,
15/03/2016 20:00,
15/03/2016 21:00,
15/03/2016 22:00,
15/03/2016 23:00,
16/03/2016 00:00,
16/03/2016 01:00,
16/03/2016 02:00,
16/03/2016 03:00,
16/03/2016 04:00,
16/03/2016 05:00,
16/03/2016 06:00,
16/03/2016 07:00,
16/03/2016 08:00,
16/03/2016 09:00,
16/03/2016 10:00,
16/03/2016 11:00,
16/03/2016 12:00,
16/03/2016 13:00,
16/03/2016 14:00,
16/03/2016 15:00,
16/03/2016 16:00,0.759
16/03/2016 17:00,0.759
16/03/2016 18:00,0.747
16/03/2016 19:00,0.767
16/03/2016 20:00,0.751
16/03/2016 21:00,0.565
16/03/2016 22:00,0.367
16/03/2016 23:00,0.313
17/03/2016 00:00,0.293
17/03/2016 01:00,0.31
17/03/2016 02:00,0.285
17/03/2016 03:00,0.302
17/03/2016 04:00,0.307
17/03/2016 05:00,0.353
17/03/2016 06:00,0.568
17/03/2016 07:00,0.63
17/03/2016 08:00,0.736
17/03/2016 09:00,0.819
17/03/2016 10:00,0.828
17/03/2016 11:00,0.812
17/03/2016 12:00,0.828
17/03/2016 13:00,0.796
17/03/2016 14:00,0.796
17/03/2016 15:00,0.765
17/03/2016 16:00,0.752
17/03/2016 17:00,0.743
17/03/2016 18:00,0.771
17/03/2016 19:00,0.773
17/03/2016 20:00,0.737
17/03/2016 21:00,0.553
17/03/2016 22:00,0.364
17/03/2016 23:00,0.328
18/03/2016 00:00,0.317
18/03/2016 01:00,0.317
18/03/2016 02:00,0.308
18/03/2016 03:00,0.294
18/03/2016 04:00,0.291
18/03/2016 05:00,0.334
18/03/2016 06:00,0.561
18/03/2016 07:00,0.656
18/03/2016 08:00,0.754
18/03/2016 09:00,0.794
18/03/2016 10:00,0.79
18/03/2016 11:00,0.808
18/03/2016 12:00,0.836
18/03/2016 13:00,
18/03/2016 14:00,
18/03/2016 15:00,
18/03/2016 16:00,
18/03/2016 17:00,
18/03/2016 18:00,
18/03/2016 19:00,
18/03/2016 20:00,
18/03/2016 21:00,
18/03/2016 22:00,
18/03/2016 23:00,
19/03/2016 00:00,
19/03/2016 01:00,
19/03/2016 02:00,
19/03/2016 03:00,
19/03/2016 04:00,
19/03/2016 05:00,
19/03/2016 06:00,
19/03/2016 07:00,
19/03/2016 08:00,
19/03/2016 09:00,
19/03/2016 10:00,
19/03/2016 11:00,
19/03/2016 12:00,
19/03/2016 13:00,
19/03/2016 14:00,
19/03/2016 15:00,
19/03/2016 16:00,
19/03/2016 17:00,
19/03/2016 18:00,
19/03/2016 19:00,
19/03/2016 20:00,
19/03/2016 21:00,
19/03/2016 22:00,
19/03/2016 23:00,
20/03/2016 00:00,
20/03/2016 01:00,0.311
20/03/2016 02:00,0.311
20/03/2016 03:00,0.309
20/03/2016 04:00,0.313
20/03/2016 05:00,0.341
20/03/2016 06:00,0.579
20/03/2016 07:00,0.617
20/03/2016 08:00,0.758
20/03/2016 09:00,0.835
20/03/2016 10:00,0.861
20/03/2016 11:00,0.844
20/03/2016 12:00,0.873
20/03/2016 13:00,0.853
20/03/2016 14:00,0.832
20/03/2016 15:00,0.829
20/03/2016 16:00,0.774
20/03/2016 17:00,0.784
20/03/2016 18:00,0.801
20/03/2016 19:00,0.777
20/03/2016 20:00,0.718
20/03/2016 21:00,0.545
20/03/2016 22:00,0.359
20/03/2016 23:00,0.291
21/03/2016 00:00,0.305
21/03/2016 01:00,0.298
21/03/2016 02:00,0.288
21/03/2016 03:00,0.299
21/03/2016 04:00,0.282
21/03/2016 05:00,
21/03/2016 06:00,
21/03/2016 07:00,
21/03/2016 08:00,
21/03/2016 09:00,
21/03/2016 10:00,
21/03/2016 11:00,
21/03/2016 12:00,
21/03/2016 13:00,
21/03/2016 14:00,
21/03/2016 15:00,
21/03/2016 16:00,
21/03/2016 17:00,
21/03/2016 18:00,
21/03/2016 19:00,
21/03/2016 20:00,
21/03/2016 21:00,
21/03/2016 22:00,
21/03/2016 23:00,
22/03/2016 00:00,
22/03/2016 01:00,
22/03/2016 02:00,
22/03/2016 03:00,
22/03/2016 04:00,
22/03/2016 05:00,
22/03/2016 06:00,
22/03/2016 07:00,
22/03/2016 08:00,
22/03/2016 09:00,
22/03/2016 10:00,
22/03/2016 11:00,
22/03/2016 12:00,
22/03/2016 13:00,
22/03/2016 14:00,
22/03/2016 15:00,
22/03/2016 16:00,
22/03/2016 17:00,
22/03/2016 18:00,
22/03/2016 19:00,
22/03/2016 20:00,
22/03/2016 21:00,
22/03/2016 22:00,
22/03/2016 23:00,
23/03/2016 00:00,
23/03/2016 01:00,
23/03/2016 02:00,
23/03/2016 03:00,
23/03/2016 04:00,
23/03/2016 05:00,0.364
23/03/2016 06:00,0.58
23/03/2016 07:00,0.614
23/03/2016 08:00,0.706
23/03/2016 09:00,0.79
23/03/2016 10:00,0.826
23/03/2016 11:00,0.812
23/03/2016 12:00,0.79
23/03/2016 13:00,0.823
23/03/2016 14:00,0.784
23/03/2016 15:00,0.763
23/03/2016 16:00,0.768
23/03/2016 17:00,0.738
23/03/2016 18:00,0.731
23/03/2016 19:00,0.714
23/03/2016 20:00,0.695
23/03/2016 21:00,0.553
23/03/2016 22:00,0.36
23/03/2016 23:00,0.27
24/03/2016 00:00,0.274
24/03/2016 01:00,0.279
24/03/2016 02:00,0.261
24/03/2016 03:00,0.267
24/03/2016 04:00,0.275
24/03/2016 05:00,0.297
24/03/2016 06:00,0.59
24/03/2016 07:00,0.63
24/03/2016 08:00,0.742
24/03/2016 09:00,0.823
24/03/2016 10:00,0.847
24/03/2016 11:00,0.783
24/03/2016 12:00,0.764
24/03/2016 13:00,0.8
24/03/2016 14:00,0.793
24/03/2016 15:00,0.773
24/03/2016 16:00,0.792
24/03/2016 17:00,0.773
24/03/2016 18:00,0.789
24/03/2016 19:00,0.772
24/03/2016 20:00,0.723
24/03/2016 21:00,0.562
24/03/2016 22:00,0.392
24/03/2016 23:00,0.38
25/03/2016 00:00,0.368
25/03/2016 01:00,0.373
25/03/2016 02:00,0.381
25/03/2016 03:00,0.367
25/03/2016 04:00,0.384
25/03/2016 05:00,0.38
25/03/2016 06:00,0.63
25/03/2016 07:00,0.641
25/03/2016 08:00,0.768
25/03/2016 09:00,0.875
25/03/2016 10:00,0.884
25/03/2016 11:00,0.84
25/03/2016 12:00,0.839
25/03/2016 13:00,0.825
25/03/2016 14:00,0.795
25/03/2016 15:00,0.806
25/03/2016 16:00,0.807
25/03/2016 17:00,0.796
25/03/2016 18:00,0.776
25/03/2016 19:00,0.757
25/03/2016 20:00,0.755
25/03/2016 21:00,0.615
25/03/2016 22:00,0.411
25/03/2016 23:00,0.336
26/03/2016 00:00,0.33
26/03/2016 01:00,0.319
26/03/2016 02:00,0.309
26/03/2016 03:00,0.297
26/03/2016 04:00,0.311
26/03/2016 05:00,0.373
26/03/2016 06:00,0.61
26/03/2016 07:00,0.634
26/03/2016 08:00,0.795
26/03/2016 09:00,0.858
26/03/2016 10:00,0.874
26/03/2016 11:00,0.892
26/03/2016 12:00,0.889
26/03/2016 13:00,0.862
26/03/2016 14:00,0.851
26/03/2016 15:00,0.821
26/03/2016 16:00,0.794
26/03/2016 17:00,0.803
26/03/2016 18:00,0.795
26/03/2016 19:00,0.788
26/03/2016 20:00,0.769
26/03/2016 21:00,0.603
26/03/2016 22:00,0.354
26/03/2016 23:00,0.304
27/03/2016 00:00,0.266
27/03/2016 01:00,0.262
27/03/2016 03:00,0.259
27/03/2016 04:00,0.256
27/03/2016 05:00,0.253
27/03/2016 06:00,0.31
27/03/2016 07:00,0.579
27/03/2016 08:00,0.633
27/03/2016 09:00,0.76
27/03/2016 10:00,0.881
27/03/2016 11:00,0.899
27/03/2016 12:00,0.841
27/03/2016 13:00,0.855
27/03/2016 14:00,0.835
27/03/2016 15:00,0.8
27/03/2016 16:00,0.793
27/03/2016 17:00,0.787
27/03/2016 18:00,0.772
27/03/2016 19:00,0.757
27/03/2016 20:00,0.744
27/03/2016 21:00,0.742
27/03/2016 22:00,0.56
27/03/2016 23:00,0.337
28/03/2016 00:00,0.281
28/03/2016 01:00,0.276
28/03/2016 02:00,0.273
28/03/2016 03:00,0.264
28/03/2016 04:00,0.262
28/03/2016 05:00,0.262
28/03/2016 06:00,0.316
28/03/2016 07:00,0.483
28/03/2016 08:00,0.561
28/03/2016 09:00,0.743
28/03/2016 10:00,0.833
28/03/2016 11:00,0.861
28/03/2016 12:00,0.821
28/03/2016 13:00,0.818
28/03/2016 14:00,0.808
28/03/2016 15:00,0.825
28/03/2016 16:00,0.778
28/03/2016 17:00,0.781
28/03/2016 18:00,0.792
28/03/2016 19:00,0.731
28/03/2016 20:00,0.703
28/03/2016 21:00,0.647
28/03/2016 22:00,0.53
28/03/2016 23:00,0.359
29/03/2016 00:00,0.281
29/03/2016 01:00,0.272
29/03/2016 02:00,0.287
29/03/2016 03:00,0.273
29/03/2016 04:00,0.265
29/03/2016 05:00,0.282
29/03/2016 06:00,0.307
29/03/2016 07:00,0.584
29/03/2016 08:00,0.606
29/03/2016 09:00,0.708
29/03/2016 10:00,0.789
29/03/2016 11:00,0.763
29/03/2016 12:00,0.749
29/03/2016 13:00,0.766
29/03/2016 14:00,0.793
29/03/2016 15:00,0.761
29/03/2016 16:00,0.719
29/03/2016 17:00,0.714
29/03/2016 18:00,0.721
29/03/2016 19:00,0.683
29/03/2016 20:00,0.712
29/03/2016 21:00,0.71
29/03/2016 22:00,0.561
29/03/2016 23:00,0.399
30/03/2016 00:00,0.334
30/03/2016 01:00,0.324
30/03/2016 02:00,0.329
30/03/2016 03:00,0.324
30/03/2016 04:00,0.327
30/03/2016 05:00,0.326
30/03/2016 06:00,0.385
30/03/2016 07:00,0.561
30/03/2016 08:00,0.622
30/03/2016 09:00,0.736
30/03/2016 10:00,0.779
30/03/2016 11:00,
30/03/2016 12:00,
30/03/2016 13:00,
30/03/2016 14:00,
30/03/2016 15:00,
30/03/2016 16:00,
30/03/2016 17:00,
30/03/2016 18:00,
30/03/2016 19:00,
30/03/2016 20:00,
30/03/2016 21:00,
30/03/2016 22:00,
30/03/2016 23:00,
31/03/2016 00:00,
31/03/2016 01:00,
31/03/2016 02:00,
31/03/2016 03:00,
31/03/2016 04:00,
31/03/2016 05:00,
31/03/2016 06:00,
31/03/2016 07:00,
31/03/2016 08:00,
31/03/2016 09:00,
31/03/2016 10:00,
31/03/2016 11:00,
31/03/2016 12:00,
31/03/2016 13:00,
31/03/2016 14:00,
31/03/2016 15:00,
31/03/2016 16:00,
31/03/2016 17:00,
31/03/2016 18:00,
31/03/2016 19:00,
31/03/2016 20:00,
31/03/2016 21:00,
31/03/2016 22:00,
31/03/2016 23:00,
1/4/2016 0:00,
1/4/2016 1:00,
1/4/2016 2:00,
1/4/2016 3:00,
1/4/2016 4:00,
1/4/2016 5:00,
1/4/2016 6:00,
1/4/2016 7:00,
1/4/2016 8:00,
1/4/2016 9:00,
1/4/2016 10:00,
1/4/2016 11:00,0.751
1/4/2016 12:00,0.787
1/4/2016 13:00,0.789
1/4/2016 14:00,0.79
1/4/2016 15:00,0.783
1/4/2016 16:00,0.78
1/4/2016 17:00,0.776
1/4/2016 18:00,0.792
1/4/2016 19:00,0.761
1/4/2016 20:00,0.742
1/4/2016 21:00,0.734
1/4/2016 22:00,0.613
1/4/2016 23:00,0.364
2/4/2016 0:00,0.281
2/4/2016 1:00,0.283
2/4/2016 2:00,0.286
2/4/2016 3:00,0.284
2/4/2016 4:00,0.275
2/4/2016 5:00,0.269
2/4/2016 6:00,0.314
2/4/2016 7:00,0.568
2/4/2016 8:00,0.651
2/4/2016 9:00,0.748
2/4/2016 10:00,0.83
2/4/2016 11:00,0.813
2/4/2016 12:00,0.807
2/4/2016 13:00,0.826
2/4/2016 14:00,0.824
2/4/2016 15:00,0.811
2/4/2016 16:00,0.776
2/4/2016 17:00,0.841
2/4/2016 18:00,0.788
2/4/2016 19:00,0.763
2/4/2016 20:00,0.742
2/4/2016 21:00,0.728
2/4/2016 22:00,0.62
2/4/2016 23:00,0.359
3/4/2016 0:00,0.279
3/4/2016 1:00,0.267
3/4/2016 2:00,0.266
3/4/2016 3:00,0.277
3/4/2016 4:00,0.267
3/4/2016 5:00,0.252
3/4/2016 6:00,0.302
3/4/2016 7:00,
3/4/2016 8:00,
3/4/2016 9:00,
3/4/2016 10:00,
3/4/2016 11:00,
3/4/2016 12:00,
3/4/2016 13:00,
3/4/2016 14:00,
3/4/2016 15:00,
3/4/2016 16:00,
3/4/2016 17:00,
3/4/2016 18:00,
3/4/2016 19:00,
3/4/2016 20:00,
3/4/2016 21:00,
3/4/2016 22:00,
3/4/2016 23:00,
4/4/2016 0:00,
4/4/2016 1:00,
4/4/2016 2:00,
4/4/2016 3:00,
4/4/2016 4:00,
4/4/2016 5:00,
4/4/2016 6:00,
4/4/2016 7:00,
4/4/2016 8:00,
4/4/2016 9:00,
4/4/2016 10:00,
4/4/2016 11:00,
4/4/2016 12:00,
4/4/2016 13:00,
4/4/2016 14:00,
4/4/2016 15:00,
4/4/2016 16:00,
4/4/2016 17:00,
4/4/2016 18:00,
4/4/2016 19:00,
4/4/2016 20:00,
4/4/2016 21:00,
4/4/2016 22:00,
4/4/2016 23:00,
5/4/2016 0:00,
5/4/2016 1:00,
5/4/2016 2:00,
5/4/2016 3:00,
5/4/2016 4:00,
5/4/2016 5:00,
5/4/2016 6:00,
5/4/2016 7:00,0.518
5/4/2016 8:00,0.609
5/4/2016 9:00,0.699
5/4/2016 10:00,0.746
5/4/2016 11:00,0.763
5/4/2016 12:00,0.762
5/4/2016 13:00,0.74
5/4/2016 14:00,0.72
5/4/2016 15:00,0.743
5/4/2016 16:00,0.74
5/4/2016 17:00,0.734
5/4/2016 18:00,0.723
5/4/2016 19:00,0.69
5/4/2016 20:00,0.695
5/4/2016 21:00,0.706
5/4/2016 22:00,0.589
5/4/2016 23:00,0.37
6/4/2016 0:00,0.296
6/4/2016 1:00,0.296
6/4/2016 2:00,0.298
6/4/2016 3:00,0.284
6/4/2016 4:00,0.274
6/4/2016 5:00,0.289
6/4/2016 6:00,0.285
6/4/2016 7:00,0.584
6/4/2016 8:00,0.628
6/4/2016 9:00,0.705
6/4/2016 10:00,0.764
6/4/2016 11:00,0.761
6/4/2016 12:00,0.75
6/4/2016 13:00,0.758
6/4/2016 14:00,0.757
6/4/2016 15:00,0.789
6/4/2016 16:00,0.741
6/4/2016 17:00,0.764
6/4/2016 18:00,0.755
6/4/2016 19:00,0.741
6/4/2016 20:00,0.725
6/4/2016 21:00,0.723
6/4/2016 22:00,0.6
6/4/2016 23:00,0.366
7/4/2016 0:00,0.276
7/4/2016 1:00,0.252
7/4/2016 2:00,0.25
7/4/2016 3:00,0.257
7/4/2016 4:00,0.258
7/4/2016 5:00,0.265
7/4/2016 6:00,0.355
7/4/2016 7:00,0.599
7/4/2016 8:00,0.622
7/4/2016 9:00,
7/4/2016 10:00,
7/4/2016 11:00,
7/4/2016 12:00,
7/4/2016 13:00,
7/4/2016 14:00,
7/4/2016 15:00,
7/4/2016 16:00,
7/4/2016 17:00,
7/4/2016 18:00,
7/4/2016 19:00,
7/4/2016 20:00,
7/4/2016 21:00,
7/4/2016 22:00,
7/4/2016 23:00,
8/4/2016 0:00,
8/4/2016 1:00,
8/4/2016 2:00,
8/4/2016 3:00,
8/4/2016 4:00,
8/4/2016 5:00,
8/4/2016 6:00,
8/4/2016 7:00,
8/4/2016 8:00,
8/4/2016 9:00,
8/4/2016 10:00,
8/4/2016 11:00,
8/4/2016 12:00,
8/4/2016 13:00,
8/4/2016 14:00,
8/4/2016 15:00,
8/4/2016 16:00,
8/4/2016 17:00,
8/4/2016 18:00,
8/4/2016 19:00,
8/4/2016 20:00,
8/4/2016 21:00,
8/4/2016 22:00,
8/4/2016 23:00,
9/4/2016 0:00,
9/4/2016 1:00,
9/4/2016 2:00,
9/4/2016 3:00,
9/4/2016 4:00,
9/4/2016 5:00,
9/4/2016 6:00,
9/4/2016 7:00,
9/4/2016 8:00,
9/4/2016 9:00,0.731
9/4/2016 10:00,0.783
9/4/2016 11:00,0.829
9/4/2016 12:00,0.864
9/4/2016 13:00,0.81
9/4/2016 14:00,0.796
9/4/2016 15:00,0.758
9/4/2016 16:00,0.746
9/4/2016 17:00,0.734
9/4/2016 18:00,0.734
9/4/2016 19:00,0.714
9/4/2016 20:00,0.69
9/4/2016 21:00,0.706
9/4/2016 22:00,0.57
9/4/2016 23:00,0.358
10/4/2016 0:00,0.267
10/4/2016 1:00,0.274
10/4/2016 2:00,0.279
10/4/2016 3:00,0.263
10/4/2016 4:00,0.254
10/4/2016 5:00,0.255
10/4/2016 6:00,0.268
10/4/2016 7:00,0.594
10/4/2016 8:00,0.639
10/4/2016 9:00,0.752
10/4/2016 10:00,0.752
10/4/2016 11:00,0.771
10/4/2016 12:00,0.788
10/4/2016 13:00,0.75
10/4/2016 14:00,0.77
10/4/2016 15:00,0.746
10/4/2016 16:00,0.759
10/4/2016 17:00,0.769
10/4/2016 18:00,0.709
10/4/2016 19:00,0.719
10/4/2016 20:00,0.722
10/4/2016 21:00,0.747
10/4/2016 22:00,0.597
10/4/2016 23:00,0.363
11/4/2016 0:00,0.281
11/4/2016 1:00,0.274
11/4/2016 2:00,0.259
11/4/2016 3:00,0.259
11/4/2016 4:00,0.265
11/4/2016 5:00,0.254
11/4/2016 6:00,0.28
11/4/2016 7:00,0.563
11/4/2016 8:00,0.634
11/4/2016 9:00,0.709
11/4/2016 10:00,0.778
11/4/2016 11:00,0.799
11/4/2016 12:00,0.758
11/4/2016 13:00,0.755
11/4/2016 14:00,0.749
11/4/2016 15:00,0.737
11/4/2016 16:00,0.736
11/4/2016 17:00,0.749
11/4/2016 18:00,0.716
11/4/2016 19:00,0.696
11/4/2016 20:00,0.679
11/4/2016 21:00,0.631
11/4/2016 22:00,0.533
11/4/2016 23:00,0.349
12/4/2016 0:00,0.275
12/4/2016 1:00,
12/4/2016 2:00,
12/4/2016 3:00,
12/4/2016 4:00,
12/4/2016 5:00,
12/4/2016 6:00,
12/4/2016 7:00,
12/4/2016 8:00,
12/4/2016 9:00,
12/4/2016 10:00,
12/4/2016 11:00,
12/4/2016 12:00,
12/4/2016 13:00,
12/4/2016 14:00,
12/4/2016 15:00,
12/4/2016 16:00,
12/4/2016 17:00,
12/4/2016 18:00,
12/4/2016 19:00,
12/4/2016 20:00,
12/4/2016 21:00,
12/4/2016 22:00,
12/4/2016 23:00,
13/04/2016 00:00,
13/04/2016 01:00,
13/04/2016 02:00,
13/04/2016 03:00,
13/04/2016 04:00,
13/04/2016 05:00,
13/04/2016 06:00,
13/04/2016 07:00,
13/04/2016 08:00,
13/04/2016 09:00,
13/04/2016 10:00,
13/04/2016 11:00,
13/04/2016 12:00,
13/04/2016 13:00,
13/04/2016 14:00,
13/04/2016 15:00,
13/04/2016 16:00,
13/04/2016 17:00,
13/04/2016 18:00,
13/04/2016 19:00,
13/04/2016 20:00,
13/04/2016 21:00,
13/04/2016 22:00,
13/04/2016 23:00,
14/04/2016 00:00,
14/04/2016 01:00,0.288
14/04/2016 02:00,0.308
14/04/2016 03:00,0.297
14/04/2016 04:00,0.287
14/04/2016 05:00,0.296
14/04/2016 06:00,0.328
14/04/2016 07:00,0.587
14/04/2016 08:00,0.62
14/04/2016 09:00,0.7
14/04/2016 10:00,0.685
14/04/2016 11:00,0.679
14/04/2016 12:00,0.711
14/04/2016 13:00,0.691
14/04/2016 14:00,0.706
14/04/2016 15:00,0.812
14/04/2016 16:00,0.924
14/04/2016 17:00,0.907
14/04/2016 18:00,0.903
14/04/2016 19:00,0.859
14/04/2016 20:00,0.714
14/04/2016 21:00,0.723
14/04/2016 22:00,0.591
14/04/2016 23:00,0.394
15/04/2016 00:00,0.323
15/04/2016 01:00,0.315
15/04/2016 02:00,0.326
15/04/2016 03:00,0.349
15/04/2016 04:00,0.323
15/04/2016 05:00,0.31
15/04/2016 06:00,0.378
15/04/2016 07:00,0.591
15/04/2016 08:00,0.673
15/04/2016 09:00,0.711
15/04/2016 10:00,0.739
15/04/2016 11:00,0.776
15/04/2016 12:00,0.826
15/04/2016 13:00,0.801
15/04/2016 14:00,0.77
15/04/2016 15:00,0.791
15/04/2016 16:00,0.751
15/04/2016 17:00,0.741
15/04/2016 18:00,0.722
15/04/2016 19:00,0.709
15/04/2016 20:00,0.695
15/04/2016 21:00,0.757
15/04/2016 22:00,0.6
15/04/2016 23:00,0.371
16/04/2016 00:00,0.286
16/04/2016 01:00,0.264
16/04/2016 02:00,0.259
16/04/2016 03:00,0.276
16/04/2016 04:00,0.26
16/04/2016 05:00,0.249
16/04/2016 06:00,0.277
16/04/2016 07:00,0.594
16/04/2016 08:00,0.622
16/04/2016 09:00,0.738
16/04/2016 10:00,0.797
16/04/2016 11:00,0.804
16/04/2016 12:00,0.797
16/04/2016 13:00,0.821
16/04/2016 14:00,0.797
16/04/2016 15:00,0.803
16/04/2016 16:00,0.764
16/04/2016 17:00,0.766
16/04/2016 18:00,0.748
16/04/2016 19:00,0.731
16/04/2016 20:00,0.728
16/04/2016 21:00,0.72
16/04/2016 22:00,0.592
16/04/2016 23:00,0.344
17/04/2016 00:00,
17/04/2016 01:00,
17/04/2016 02:00,
17/04/2016 03:00,
17/04/2016 04:00,
17/04/2016 05:00,
17/04/2016 06:00,
17/04/2016 07:00,
17/04/2016 08:00,
17/04/2016 09:00,
17/04/2016 10:00,
17/04/2016 11:00,
17/04/2016 12:00,
17/04/2016 13:00,
17/04/2016 14:00,
17/04/2016 15:00,
17/04/2016 16:00,
17/04/2016 17:00,
17/04/2016 18:00,
17/04/2016 19:00,
17/04/2016 20:00,
17/04/2016 21:00,
17/04/2016 22:00,
17/04/2016 23:00,
18/04/2016 00:00,
18/04/2016 01:00,
18/04/2016 02:00,
18/04/2016 03:00,
18/04/2016 04:00,
18/04/2016 05:00,
18/04/2016 06:00,
18/04/2016 07:00,
18/04/2016 08:00,
18/04/2016 09:00,
18/04/2016 10:00,
18/04/2016 11:00,
18/04/2016 12:00,0.831
18/04/2016 13:00,0.825
18/04/2016 14:00,0.815
18/04/2016 15:00,0.829
18/04/2016 16:00,0.817
18/04/2016 17:00,0.801
18/04/2016 18:00,0.813
18/04/2016 19:00,0.742
18/04/2016 20:00,0.714
18/04/2016 21:00,0.647
18/04/2016 22:00,0.557
18/04/2016 23:00,0.369
19/04/2016 00:00,0.319
19/04/2016 01:00,0.295
19/04/2016 02:00,0.291
19/04/2016 03:00,0.294
19/04/2016 04:00,0.295
19/04/2016 05:00,0.291
19/04/2016 06:00,0.353
19/04/2016 07:00,0.584
19/04/2016 08:00,0.64
19/04/2016 09:00,0.686
19/04/2016 10:00,0.74
19/04/2016 11:00,0.758
19/04/2016 12:00,0.861
19/04/2016 13:00,0.836
19/04/2016 14:00,0.84
19/04/2016 15:00,0.84
19/04/2016 16:00,0.814
19/04/2016 17:00,0.796
19/04/2016 18:00,0.782
19/04/2016 19:00,0.768
19/04/2016 20:00,0.76
19/04/2016 21:00,0.754
19/04/2016 22:00,0.616
19/04/2016 23:00,0.404
20/04/2016 00:00,
20/04/2016 01:00,
20/04/2016 02:00,
20/04/2016 03:00,
20/04/2016 04:00,
20/04/2016 05:00,
20/04/2016 06:00,
20/04/2016 07:00,
20/04/2016 08:00,
20/04/2016 09:00,
20/04/2016 10:00,
20/04/2016 11:00,
20/04/2016 12:00,
20/04/2016 13:00,
20/04/2016 14:00,
20/04/2016 15:00,
20/04/2016 16:00,
20/04/2016 17:00,
20/04/2016 18:00,
20/04/2016 19:00,
20/04/2016 20:00,
20/04/2016 21:00,
20/04/2016 22:00,
20/04/2016 23:00,
21/04/2016 00:00,
21/04/2016 01:00,
21/04/2016 02:00,
21/04/2016 03:00,
21/04/2016 04:00,
21/04/2016 05:00,
21/04/2016 06:00,
21/04/2016 07:00,
21/04/2016 08:00,
21/04/2016 09:00,
21/04/2016 10:00,
21/04/2016 11:00,
21/04/2016 12:00,0.84
21/04/2016 13:00,0.828
21/04/2016 14:00,0.798
21/04/2016 15:00,0.794
21/04/2016 16:00,0.776
21/04/2016 17:00,0.783
21/04/2016 18:00,0.764
21/04/2016 19:00,0.738
21/04/2016 20:00,0.739
21/04/2016 21:00,0.738
21/04/2016 22:00,0.61
21/04/2016 23:00,0.396
22/04/2016 00:00,0.317
22/04/2016 01:00,0.302
22/04/2016 02:00,0.305
22/04/2016 03:00,0.303
22/04/2016 04:00,0.293
22/04/2016 05:00,0.298
22/04/2016 06:00,0.327
22/04/2016 07:00,0.638
22/04/2016 08:00,0.645
22/04/2016 09:00,0.748
22/04/2016 10:00,0.762
22/04/2016 11:00,0.809
22/04/2016 12:00,0.774
22/04/2016 13:00,0.786
22/04/2016 14:00,0.79
22/04/2016 15:00,0.771
22/04/2016 16:00,0.767
22/04/2016 17:00,0.76
22/04/2016 18:00,0.709
22/04/2016 19:00,0.687
22/04/2016 20:00,0.681
22/04/2016 21:00,0.719
22/04/2016 22:00,0.588
22/04/2016 23:00,0.36
23/04/2016 00:00,0.28
23/04/2016 01:00,0.254
23/04/2016 02:00,0.252
23/04/2016 03:00,0.269
23/04/2016 04:00,0.264
23/04/2016 05:00,0.257
23/04/2016 06:00,0.308
23/04/2016 07:00,0.582
23/04/2016 08:00,0.605
23/04/2016 09:00,0.738
23/04/2016 10:00,0.755
23/04/2016 11:00,0.81
23/04/2016 12:00,0.825
23/04/2016 13:00,0.807
23/04/2016 14:00,0.79
23/04/2016 15:00,0.789
23/04/2016 16:00,0.757
23/04/2016 17:00,0.777
23/04/2016 18:00,0.779
23/04/2016 19:00,0.69
23/04/2016 20:00,0.719
23/04/2016 21:00,0.746
23/04/2016 22:00,0.58
23/04/2016 23:00,0.444
24/04/2016 00:00,0.337
24/04/2016 01:00,0.29
24/04/2016 02:00,0.287
24/04/2016 03:00,0.303
24/04/2016 04:00,0.29
24/04/2016 05:00,0.282
24/04/2016 06:00,0.357
24/04/2016 07:00,0.585
24/04/2016 08:00,0.661
24/04/2016 09:00,0.736
24/04/2016 10:00,0.807
24/04/2016 11:00,0.884
24/04/2016 12:00,0.881
24/04/2016 13:00,0.863
24/04/2016 14:00,0.879
24/04/2016 15:00,0.908
24/04/2016 16:00,0.884
24/04/2016 17:00,0.853
24/04/2016 18:00,0.817
24/04/2016 19:00,0.777
24/04/2016 20:00,0.766
24/04/2016 21:00,0.779
24/04/2016 22:00,0.626
24/04/2016 23:00,0.449
25/04/2016 00:00,0.331
25/04/2016 01:00,0.316
25/04/2016 02:00,
25/04/2016 03:00,
25/04/2016 04:00,
25/04/2016 05:00,
25/04/2016 06:00,
25/04/2016 07:00,
25/04/2016 08:00,
25/04/2016 09:00,
25/04/2016 10:00,
25/04/2016 11:00,
25/04/2016 12:00,
25/04/2016 13:00,
25/04/2016 14:00,
25/04/2016 15:00,
25/04/2016 16:00,
25/04/2016 17:00,
25/04/2016 18:00,
25/04/2016 19:00,
25/04/2016 20:00,
25/04/2016 21:00,
25/04/2016 22:00,
25/04/2016 23:00,
26/04/2016 00:00,
26/04/2016 01:00,
26/04/2016 02:00,
26/04/2016 03:00,
26/04/2016 04:00,
26/04/2016 05:00,
26/04/2016 06:00,
26/04/2016 07:00,
26/04/2016 08:00,
26/04/2016 09:00,
26/04/2016 10:00,
26/04/2016 11:00,
26/04/2016 12:00,
26/04/2016 13:00,
26/04/2016 14:00,
26/04/2016 15:00,
26/04/2016 16:00,
26/04/2016 17:00,
26/04/2016 18:00,
26/04/2016 19:00,
26/04/2016 20:00,
26/04/2016 21:00,
26/04/2016 22:00,
26/04/2016 23:00,
27/04/2016 00:00,
27/04/2016 01:00,
27/04/2016 02:00,0.355
27/04/2016 03:00,0.341
27/04/2016 04:00,0.342
27/04/2016 05:00,0.355
27/04/2016 06:00,0.416
27/04/2016 07:00,0.603
27/04/2016 08:00,0.614
27/04/2016 09:00,0.711
27/04/2016 10:00,0.815
27/04/2016 11:00,0.826
27/04/2016 12:00,0.835
27/04/2016 13:00,0.819
27/04/2016 14:00,0.797
27/04/2016 15:00,0.821
27/04/2016 16:00,0.796
27/04/2016 17:00,0.769
27/04/2016 18:00,0.784
27/04/2016 19:00,0.759
27/04/2016 20:00,0.758
27/04/2016 21:00,0.775
27/04/2016 22:00,0.644
27/04/2016 23:00,0.491
28/04/2016 00:00,0.422
28/04/2016 01:00,0.362
28/04/2016 02:00,0.367
28/04/2016 03:00,0.412
28/04/2016 04:00,0.402
28/04/2016 05:00,0.396
28/04/2016 06:00,0.431
28/04/2016 07:00,0.541
28/04/2016 08:00,0.651
28/04/2016 09:00,0.734
28/04/2016 10:00,0.806
28/04/2016 11:00,0.846
28/04/2016 12:00,0.837
28/04/2016 13:00,0.848
28/04/2016 14:00,0.845
28/04/2016 15:00,0.811
28/04/2016 16:00,0.817
28/04/2016 17:00,0.797
28/04/2016 18:00,0.809
28/04/2016 19:00,0.764
28/04/2016 20:00,0.786
28/04/2016 21:00,0.782
28/04/2016 22:00,0.677
28/04/2016 23:00,0.477
29/04/2016 00:00,0.43
29/04/2016 01:00,0.403
29/04/2016 02:00,0.385
29/04/2016 03:00,0.382
29/04/2016 04:00,0.357
29/04/2016 05:00,0.362
29/04/2016 06:00,0.454
29/04/2016 07:00,0.552
29/04/2016 08:00,0.636
29/04/2016 09:00,0.734
29/04/2016 10:00,0.793
29/04/2016 11:00,0.801
29/04/2016 12:00,0.837
29/04/2016 13:00,0.836
29/04/2016 14:00,0.821
29/04/2016 15:00,0.811
29/04/2016 16:00,0.818
29/04/2016 17:00,0.809
29/04/2016 18:00,0.801
29/04/2016 19:00,0.805
29/04/2016 20:00,0.802
29/04/2016 21:00,0.794
29/04/2016 22:00,0.68
29/04/2016 23:00,0.53
30/04/2016 00:00,0.449
30/04/2016 01:00,0.394
30/04/2016 02:00,0.401
30/04/2016 03:00,0.382
30/04/2016 04:00,0.374
30/04/2016 05:00,0.393
30/04/2016 06:00,0.456
30/04/2016 07:00,0.568
30/04/2016 08:00,0.621
30/04/2016 09:00,0.727
30/04/2016 10:00,0.808
30/04/2016 11:00,0.828
30/04/2016 12:00,0.844
30/04/2016 13:00,0.857
30/04/2016 14:00,0.899
30/04/2016 15:00,0.855
30/04/2016 16:00,0.864
30/04/2016 17:00,0.828
30/04/2016 18:00,0.804
30/04/2016 19:00,0.815
30/04/2016 20:00,0.802
30/04/2016 21:00,0.785
30/04/2016 22:00,0.708
30/04/2016 23:00,0.553
